,Position,Player Name,Team Name,Player ID,BackNum,Foreign-Born Player,BirthDate,DebutYear,DebutTeam,Age,CareerYearAt23,Defense,BatPos,ThrowPos,Height(cm),Weight(kg),"SigningBonus(100M_KRW,USDtoKRW_1250)","Salary(100M_KRW,USDtoKRW_1250)",Season,AVG,G,PA,AB,R,H,2B,3B,HR,TB,RBI,SB,CS,BB,HBP,SO,GDP,SLG,OBP,E
0,타자,홍창기,LG,66108,51,False,1993-11-21,2016,LG,30,7,외야수,좌,우,189.0,94.0,0.8,5.1,2023,0.332,141,643,524,109,174,35,2,1,216,65,23,23,88,22,83,6,0.412,0.444,2
1,타자,안익훈,LG,65115,15,False,1996-02-12,2015,LG,28,8,외야수,좌,좌,176.0,76.0,1.2,0.55,2023,0.318,11,23,22,1,7,1,0,0,8,2,0,0,0,1,2,0,0.364,0.348,0
2,타자,오스틴,LG,53123,23,True,1993-10-14,2023,LG,30,10,내야수,우,우,183.0,97.0,1.25,10.0,2023,0.313,139,583,520,87,163,29,4,23,269,95,7,3,53,3,75,11,0.517,0.376,14
3,타자,문보경,LG,69102,2,False,2000-07-19,2021,LG,24,2,내야수,좌,우,182.0,88.0,0.8,3.0,2023,0.301,131,542,469,77,141,29,5,10,210,72,9,8,58,2,83,5,0.448,0.377,20
4,타자,문성주,LG,68119,8,False,1997-02-20,2018,LG,27,5,외야수,좌,좌,175.0,78.0,0.3,2.0,2023,0.294,136,534,449,77,132,21,4,2,167,57,24,14,67,8,34,10,0.372,0.392,3
5,타자,김현수,LG,76290,22,False,1988-01-12,2006,두산,36,17,외야수,좌,우,188.0,105.0,0.0,10.0,2023,0.293,133,556,488,53,143,22,2,6,187,88,2,1,58,1,53,10,0.383,0.364,2
6,타자,박해민,LG,62415,17,False,1990-02-24,2012,삼성,34,11,외야수,좌,우,180.0,75.0,0.0,6.0,2023,0.285,144,558,485,80,138,14,2,6,174,59,26,12,45,3,74,7,0.359,0.348,3
7,타자,신민재,LG,65207,4,False,1996-01-21,2019,LG,28,4,내야수,좌,우,171.0,67.0,0.0,1.15,2023,0.277,122,331,282,47,78,5,2,0,87,28,37,17,29,1,34,5,0.309,0.344,9
8,타자,오지환,LG,79109,10,False,1990-03-12,2009,LG,34,14,내야수,좌,우,185.0,80.0,2.8,3.0,2023,0.268,126,502,422,65,113,24,3,8,167,62,16,7,64,8,82,4,0.396,0.371,14
9,타자,박동원,LG,79365,27,False,1990-04-07,2009,히어로즈,34,14,포수,우,우,178.0,92.0,0.6,25.0,2023,0.249,130,481,409,54,102,17,1,20,181,75,0,1,49,7,90,7,0.443,0.334,8
10,타자,김민성,LG,77564,16,False,1988-12-17,2007,롯데,35,16,내야수,우,우,181.0,94.0,1.0,2.0,2023,0.249,112,316,273,34,68,11,0,8,103,41,2,1,25,7,58,7,0.377,0.326,8
11,타자,이재원,LG,68106,52,False,1999-07-17,2020,LG,25,3,외야수,우,우,192.0,105.0,1.0,0.7,2023,0.214,57,129,112,15,24,5,0,4,41,18,4,2,12,2,40,1,0.366,0.295,2
12,타자,손호영,LG,50150,33,False,1994-08-23,2014,시카고컵스,29,9,내야수,우,우,182.0,88.0,0.0,0.45,2023,0.205,27,45,44,8,9,0,0,1,12,6,2,1,1,0,12,5,0.273,0.222,5
13,타자,김주성,LG,66162,5,False,1998-01-30,2016,LG,26,7,내야수,우,우,180.0,81.0,1.0,0.35,2023,0.2,11,7,5,1,1,0,0,0,1,0,0,0,1,1,2,0,0.2,0.429,2
14,타자,서건창,LG,78168,58,False,1989-08-22,2008,LG,34,15,내야수,좌,우,176.0,84.0,0.0,0.5,2023,0.2,44,126,110,14,22,5,2,0,31,12,3,3,10,0,14,5,0.282,0.26,9
15,타자,허도환,LG,77243,30,False,1984-07-31,2007,두산,40,16,포수,우,우,176.0,90.0,0.0,1.0,2023,0.141,47,81,64,8,9,3,0,2,18,10,0,0,3,6,20,3,0.281,0.243,0
16,타자,김기연,LG,66112,45,False,1997-09-07,2017,LG,26,6,포수,우,우,178.0,106.0,0.7,0.4,2023,0.118,28,40,34,3,4,0,0,0,4,2,1,0,5,0,10,0,0.118,0.231,4
17,타자,김범석,LG,53144,55,False,2004-05-21,2023,LG,20,0,포수,우,우,178.0,110.0,2.5,0.33,2023,0.111,10,29,27,3,3,1,0,1,7,4,0,0,1,0,5,1,0.259,0.138,2
18,타자,최승민,LG,65905,62,False,1996-07-01,2017,상무,28,6,외야수,좌,우,181.0,73.0,0.0,0.4,2023,0.071,38,15,14,10,1,0,0,0,1,1,8,3,1,0,4,1,0.071,0.133,0
19,타자,송찬의,LG,68110,14,False,1999-02-20,2022,LG,25,1,내야수,우,우,182.0,77.0,0.5,0.36,2023,0.056,19,22,18,2,1,1,0,0,2,1,1,0,4,0,6,0,0.111,0.227,1
20,타자,김대현,LG,66145,12,False,1997-03-08,2016,LG,27,7,투수,우,우,188.0,100.0,2.7,0.57,2023,-,2,0,0,0,0,0,0,0,0,0,0,0,0,0,0,0,-,-,0
21,타자,박명근,LG,53139,39,False,2004-03-27,2023,LG,20,0,투수,우,우,174.0,75.0,1.1,0.65,2023,-,2,0,0,0,0,0,0,0,0,0,0,0,0,0,0,0,-,-,0
22,타자,오석주,LG,67116,31,False,1998-04-14,2019,LG,26,4,투수,우,우,180.0,74.0,0.6,0.4,2023,-,1,0,0,0,0,0,0,0,0,0,0,0,0,0,0,0,-,-,0
23,타자,이정용,LG,69134,31,False,1996-03-26,2019,LG,28,4,투수,우,우,185.0,83.0,2.0,2.4,2023,-,1,0,0,0,0,0,0,0,0,0,0,0,0,0,0,0,-,-,0
24,타자,전준호,LG,67123,32,False,1998-07-01,2019,LG,26,4,포수,우,우,181.0,80.0,0.3,0.33,2023,0.0,2,1,1,0,0,0,0,0,0,1,0,0,0,0,0,0,0.0,0.0,0
25,타자,최동환,LG,79140,13,False,1989-09-19,2009,LG,34,14,투수,우,우,184.0,83.0,1.2,1.3,2023,-,3,0,0,0,0,0,0,0,0,0,0,0,0,0,0,0,-,-,0
26,타자,김민혁,KT,64004,53,False,1995-11-21,2014,KT,28,9,외야수,좌,우,181.0,71.0,0.6,2.4,2023,0.297,113,448,397,68,118,20,3,3,153,41,11,4,36,3,48,4,0.385,0.356,4
27,타자,황재균,KT,76313,10,False,1987-07-28,2006,현대,37,17,내야수,우,우,183.0,96.0,0.6,10.0,2023,0.295,109,457,407,62,120,26,2,6,168,49,3,3,45,1,64,15,0.413,0.366,11
28,타자,정준영,KT,53058,58,False,2004-01-26,2023,KT,20,0,외야수,좌,좌,173.0,73.0,1.2,0.42,2023,0.292,34,55,48,6,14,2,0,0,16,6,0,0,3,0,11,1,0.333,0.333,1
29,타자,안치영,KT,67006,8,False,1998-05-29,2017,KT,26,6,외야수,좌,우,176.0,72.0,0.6,0.5,2023,0.29,76,136,124,20,36,3,1,0,41,9,7,1,6,2,35,1,0.331,0.331,2
30,타자,장성우,KT,78548,22,False,1990-01-17,2008,롯데,34,15,포수,우,우,187.0,100.0,2.0,5.0,2023,0.288,131,464,410,37,118,22,0,11,173,65,1,1,42,2,70,12,0.422,0.351,6
31,타자,박병호,KT,75125,59,False,1986-07-10,2005,LG,38,18,내야수,우,우,185.0,107.0,3.3,7.0,2023,0.283,132,493,431,53,122,15,0,18,191,87,2,0,46,8,114,9,0.443,0.357,5
32,타자,이호연,KT,68504,34,False,1995-06-03,2018,롯데,29,5,내야수,좌,우,177.0,87.0,0.6,0.85,2023,0.278,85,234,212,28,59,5,1,3,75,17,4,2,16,4,41,6,0.354,0.339,9
33,타자,배정대,KT,64166,27,False,1995-06-12,2014,LG,29,9,외야수,우,우,185.0,80.0,1.5,3.2,2023,0.277,97,361,311,48,86,16,0,2,108,38,13,3,38,3,76,2,0.347,0.356,1
34,타자,김상수,KT,79402,7,False,1990-03-23,2009,삼성,34,14,내야수,우,우,175.0,68.0,2.8,3.0,2023,0.271,129,512,443,58,120,19,1,3,150,56,5,6,55,3,68,9,0.339,0.353,6
35,타자,강백호,KT,68050,50,False,1999-07-29,2018,KT,25,5,내야수,좌,우,184.0,98.0,4.5,2.9,2023,0.265,71,271,238,32,63,10,1,8,99,39,3,0,31,0,55,1,0.416,0.347,1
36,타자,문상철,KT,64007,24,False,1991-04-06,2014,KT,33,9,외야수,우,우,184.0,85.0,1.3,1.1,2023,0.26,112,330,304,30,79,20,0,9,126,46,3,1,16,3,81,4,0.414,0.298,2
37,타자,오윤석,KT,64504,4,False,1992-02-24,2015,롯데,32,8,내야수,우,우,180.0,87.0,0.0,1.4,2023,0.251,82,223,199,24,50,13,1,4,77,17,3,1,13,5,44,7,0.387,0.313,2
38,타자,박민석,KT,69056,25,False,2000-04-13,2019,KT,24,4,내야수,우,우,180.0,77.0,0.7,0.31,2023,0.25,4,4,4,1,1,0,0,0,1,0,0,0,0,0,3,0,0.25,0.25,1
39,타자,조용호,KT,64868,23,False,1989-09-09,2017,SK,34,6,외야수,좌,우,170.0,75.0,0.0,1.5,2023,0.248,63,184,161,20,40,2,0,0,42,7,4,0,23,0,25,3,0.261,0.342,1
40,타자,홍현빈,KT,67005,31,False,1997-08-29,2017,KT,26,6,외야수,좌,우,174.0,70.0,0.9,0.45,2023,0.233,44,86,73,15,17,2,0,0,19,1,2,0,13,0,21,2,0.26,0.349,0
41,타자,김준태,KT,62558,44,False,1994-07-31,2013,롯데,30,10,포수,좌,우,175.0,91.0,0.0,1.0,2023,0.209,69,136,115,10,24,4,0,3,37,23,1,0,19,1,32,3,0.322,0.326,4
42,타자,신본기,KT,62556,56,False,1989-03-21,2012,롯데,35,11,내야수,우,우,179.0,88.0,1.2,1.3,2023,0.204,40,75,54,8,11,2,0,1,16,7,0,1,14,2,8,3,0.296,0.365,3
43,타자,박경수,KT,73113,6,False,1984-03-31,2003,LG,40,20,내야수,우,우,178.0,80.0,4.3,2.0,2023,0.2,107,221,185,12,37,13,0,1,53,12,0,0,30,1,46,2,0.286,0.315,4
44,타자,강현우,KT,50066,55,False,2001-04-13,2020,KT,23,3,포수,우,우,180.0,90.0,1.5,0.5,2023,0.194,53,111,103,11,20,6,0,1,29,11,0,1,6,1,17,3,0.282,0.245,2
45,타자,강민성,KT,69064,5,False,1999-12-08,2023,KT,24,0,내야수,우,우,180.0,85.0,0.6,0.36,2023,0.182,12,27,22,2,4,1,0,0,5,0,0,0,4,0,10,0,0.227,0.308,2
46,타자,장준원,KT,64115,16,False,1995-11-21,2014,LG,28,9,내야수,우,우,183.0,77.0,1.0,0.53,2023,0.172,69,104,87,10,15,2,1,1,22,10,3,0,12,1,25,1,0.253,0.277,2
47,타자,류현인,KT,53036,36,False,2000-11-08,2023,KT,23,0,내야수,좌,우,174.0,80.0,0.5,0.31,2023,0.13,17,24,23,6,3,0,0,0,3,3,0,0,1,0,4,0,0.13,0.167,1
48,타자,송민섭,KT,64012,12,False,1991-08-02,2015,KT,33,8,외야수,우,우,177.0,80.0,0.0,0.65,2023,0.13,69,25,23,6,3,0,0,0,3,0,3,1,1,1,8,0,0.13,0.2,0
49,타자,김민,KT,68043,11,False,1999-04-14,2018,KT,25,5,투수,우,우,185.0,88.0,3.0,0.5,2023,-,1,0,0,0,0,0,0,0,0,0,0,0,0,0,0,0,-,-,0
50,타자,김병준,KT,52002,57,False,2003-07-03,2023,KT,21,0,외야수,좌,우,175.0,80.0,0.3,0.31,2023,0.0,3,2,2,0,0,0,0,0,0,0,0,0,0,0,2,0,0.0,0.0,0
51,타자,김정민,SSG,53865,65,False,2004-03-07,2023,SSG,20,0,외야수,좌,좌,180.0,75.0,1.0,0.3,2023,0.5,8,2,2,1,1,0,0,0,1,0,0,0,0,0,1,0,0.5,0.5,0
52,타자,에레디아,SSG,53827,27,True,1991-01-31,2023,SSG,33,12,외야수,우,좌,178.0,88.0,0.0,14.375,2023,0.323,122,523,473,76,153,29,0,12,218,76,12,8,39,9,75,13,0.461,0.385,5
53,타자,하재훈,SSG,69813,13,False,1990-10-29,2009,시카고컵스,33,14,외야수,우,우,182.0,90.0,0.0,1.0,2023,0.303,77,229,201,35,61,10,1,7,94,35,11,0,19,5,53,0,0.468,0.374,2
54,타자,최정,SSG,75847,14,False,1987-02-28,2005,SK,37,18,내야수,우,우,180.0,90.0,3.0,10.0,2023,0.297,128,552,471,94,140,31,0,29,258,87,7,3,59,15,87,12,0.548,0.388,13
55,타자,최항,SSG,62884,14,False,1994-01-03,2017,SK,30,6,내야수,좌,우,183.0,88.0,0.0,0.31,2023,0.286,21,35,28,3,8,1,0,1,12,6,0,0,5,0,12,1,0.429,0.382,4
56,타자,한유섬,SSG,62895,35,False,1989-08-09,2012,SK,35,11,외야수,좌,우,190.0,105.0,0.3,9.0,2023,0.273,109,388,333,29,91,15,2,7,131,55,2,1,34,12,81,3,0.393,0.355,4
57,타자,최지훈,SSG,50854,54,False,1997-07-23,2020,SK,27,3,외야수,좌,우,178.0,82.0,0.8,2.5,2023,0.268,117,503,462,65,124,19,8,2,165,30,21,2,29,3,50,3,0.357,0.315,3
58,타자,김성현,SSG,76802,6,False,1987-03-09,2006,SK,37,17,내야수,우,우,172.0,72.0,0.7,2.0,2023,0.268,112,354,310,35,83,14,0,1,100,27,4,1,29,0,36,6,0.323,0.328,14
59,타자,최준우,SSG,68868,7,False,1999-03-25,2018,SK,25,5,내야수,좌,우,176.0,78.0,0.7,0.45,2023,0.267,38,69,60,5,16,1,0,0,17,6,0,1,8,0,10,3,0.283,0.348,0
60,타자,박성한,SSG,67893,2,False,1998-03-30,2017,SK,26,6,내야수,좌,우,180.0,77.0,0.9,3.0,2023,0.266,128,529,459,53,122,19,0,9,168,47,4,1,58,1,56,7,0.366,0.347,19
61,타자,강진성,SSG,62925,49,False,1993-10-19,2012,NC,30,11,외야수,우,우,176.0,89.0,0.7,0.85,2023,0.261,58,145,134,10,35,6,1,3,52,17,0,0,6,3,20,2,0.388,0.306,1
62,타자,추신수,SSG,51817,17,False,1982-07-13,2000,시애틀,42,23,외야수,좌,좌,180.0,97.0,0.0,0.3,2023,0.254,112,462,382,65,97,17,1,12,152,41,6,4,65,13,79,8,0.398,0.379,0
63,타자,안상현,SSG,66864,10,False,1997-01-27,2016,SK,27,7,내야수,우,우,178.0,74.0,0.8,0.4,2023,0.241,58,66,58,10,14,3,0,0,17,2,3,1,5,0,15,1,0.293,0.302,2
64,타자,오태곤,SSG,60558,37,False,1991-11-18,2010,롯데,32,13,외야수,우,우,186.0,88.0,0.9,2.5,2023,0.239,123,305,272,37,65,14,1,7,102,28,20,1,18,4,67,6,0.375,0.293,6
65,타자,최상민,SSG,68805,23,False,1999-08-20,2022,SSG,25,1,외야수,좌,좌,178.0,75.0,0.0,0.32,2023,0.235,51,41,34,5,8,0,0,0,8,3,2,2,4,0,7,0,0.235,0.308,0
66,타자,최주환,SSG,76267,53,False,1988-02-28,2006,두산,36,17,내야수,좌,우,177.0,73.0,0.6,6.5,2023,0.235,134,478,426,48,100,24,0,20,184,63,0,0,44,4,94,6,0.432,0.31,9
67,타자,김찬형,SSG,66917,5,False,1997-12-29,2016,NC,26,7,내야수,우,우,182.0,83.0,0.5,0.5,2023,0.229,36,53,48,6,11,3,0,1,17,5,0,0,2,1,10,1,0.354,0.275,3
68,타자,김강민,SSG,71837,9,False,1982-09-13,2001,SK,41,22,외야수,우,우,182.0,87.0,1.1,1.1,2023,0.226,70,166,137,20,31,3,0,2,40,7,2,1,23,1,38,2,0.292,0.335,0
69,타자,김민식,SSG,62864,24,False,1989-06-28,2012,SK,35,11,포수,좌,우,180.0,80.0,1.4,1.5,2023,0.218,122,318,266,28,58,9,1,5,84,34,0,0,31,2,57,6,0.316,0.302,1
70,타자,전의산,SSG,50820,56,False,2000-11-25,2021,SK,23,2,내야수,좌,우,188.0,98.0,1.3,0.8,2023,0.201,56,153,134,11,27,6,0,4,45,21,0,2,15,3,40,1,0.336,0.294,4
71,타자,조형우,SSG,51865,20,False,2002-04-04,2021,SK,22,2,포수,우,우,187.0,95.0,1.3,0.63,2023,0.185,62,133,119,9,22,4,1,2,34,12,0,0,8,1,25,2,0.286,0.24,5
72,타자,이정범,SSG,67807,31,False,1998-04-10,2021,SSG,26,2,외야수,좌,좌,178.0,88.0,0.6,0.32,2023,0.172,15,33,29,2,5,0,0,0,5,4,0,0,2,0,6,1,0.172,0.212,0
73,타자,최경모,SSG,69802,52,False,1996-06-17,2019,SK,28,4,내야수,우,우,168.0,73.0,0.5,0.37,2023,0.15,28,20,20,6,3,0,0,0,3,1,2,0,0,0,5,0,0.15,0.15,5
74,타자,이재원,SSG,76812,32,False,1988-02-24,2006,SK,36,17,포수,우,우,185.0,98.0,2.5,0.5,2023,0.091,27,48,44,3,4,1,0,0,5,2,0,0,2,0,8,4,0.114,0.128,1
75,타자,고명준,SSG,51868,18,False,2002-07-08,2021,SK,22,2,내야수,우,우,185.0,94.0,0.9,0.3,2023,0.0,2,4,4,0,0,0,0,0,0,0,0,0,0,0,3,0,0.0,0.0,0
76,타자,고효준,SSG,72523,15,False,1983-02-08,2002,롯데,41,21,투수,좌,좌,179.0,81.0,1.1,1.53,2023,-,2,0,0,0,0,0,0,0,0,0,0,0,0,0,0,0,-,-,0
77,타자,노경은,SSG,73211,38,False,1984-03-11,2003,두산,40,20,투수,우,우,187.0,100.0,3.5,2.7,2023,-,1,0,0,0,0,0,0,0,0,0,0,0,0,0,0,0,-,-,0
78,타자,류효승,SSG,50868,63,False,1996-07-16,2020,SK,28,3,외야수,우,우,190.0,100.0,0.5,0.31,2023,0.0,3,4,3,0,0,0,0,0,0,0,0,0,0,1,0,1,0.0,0.25,0
79,타자,손아섭,NC,77532,31,False,1988-03-18,2007,롯데,36,16,외야수,좌,우,174.0,84.0,0.8,5.0,2023,0.339,140,609,551,97,187,36,3,5,244,65,14,3,50,2,67,10,0.443,0.393,2
80,타자,박한결,NC,53992,60,False,2004-04-26,2023,NC,20,0,외야수,우,우,181.0,90.0,1.5,0.31,2023,0.333,12,18,15,3,5,1,0,1,9,5,0,0,3,0,7,0,0.6,0.444,0
81,타자,박건우,NC,79215,37,False,1990-09-08,2009,두산,33,14,외야수,우,우,184.0,80.0,1.0,8.0,2023,0.319,130,533,458,70,146,34,2,12,220,85,7,5,56,9,71,14,0.48,0.397,0
82,타자,박민우,NC,62907,2,False,1993-02-06,2012,NC,31,11,내야수,좌,우,185.0,80.0,1.6,10.0,2023,0.316,124,509,452,76,143,20,7,2,183,46,26,7,40,9,57,13,0.405,0.381,15
83,타자,서호철,NC,69995,5,False,1996-10-16,2020,NC,27,3,내야수,우,우,179.0,85.0,0.3,1.2,2023,0.287,114,435,397,50,114,17,3,5,152,41,4,5,20,8,51,9,0.383,0.331,14
84,타자,박대온,NC,64944,30,False,1995-08-28,2014,NC,28,9,포수,우,우,182.0,85.0,1.0,0.4,2023,0.286,25,33,28,6,8,3,0,0,11,3,0,0,3,1,8,0,0.393,0.364,3
85,타자,권희동,NC,63963,36,False,1990-12-30,2013,NC,33,10,외야수,우,우,177.0,85.0,0.3,1.5,2023,0.285,96,373,309,33,88,16,0,7,125,63,2,0,49,6,50,4,0.405,0.388,2
86,타자,최보성,NC,68909,49,False,1998-10-16,2018,NC,25,5,내야수,우,우,181.0,88.0,0.4,0.32,2023,0.263,12,21,19,2,5,0,0,0,5,0,0,0,2,0,2,1,0.263,0.333,1
87,타자,최정원,NC,69992,14,False,2000-06-24,2020,NC,24,3,내야수,좌,우,176.0,70.0,0.5,0.66,2023,0.26,39,56,50,12,13,3,2,0,20,5,4,1,1,3,13,1,0.4,0.315,0
88,타자,윤형준,NC,63905,52,False,1994-01-31,2013,NC,30,10,내야수,우,우,186.0,97.0,0.7,0.65,2023,0.252,82,236,218,17,55,12,1,5,84,27,1,1,10,3,58,6,0.385,0.291,4
89,타자,천재환,NC,67905,23,False,1994-04-01,2022,NC,30,1,외야수,우,우,181.0,83.0,0.0,0.5,2023,0.239,78,179,163,12,39,7,1,2,54,17,2,3,8,4,44,5,0.331,0.288,0
90,타자,김형준,NC,68912,25,False,1999-11-02,2018,NC,24,5,포수,우,우,187.0,98.0,1.5,0.58,2023,0.236,26,82,72,10,17,2,0,6,37,13,0,0,8,1,24,3,0.514,0.321,2
91,타자,오영수,NC,68904,34,False,2000-01-30,2018,NC,24,5,내야수,좌,우,178.0,93.0,1.0,0.72,2023,0.236,70,238,208,21,49,9,1,4,72,24,3,3,17,5,55,5,0.346,0.305,8
92,타자,도태훈,NC,66965,16,False,1993-03-18,2016,NC,31,7,내야수,좌,우,184.0,85.0,0.0,0.8,2023,0.234,117,302,239,41,56,6,0,5,77,23,2,1,38,17,48,8,0.322,0.376,4
93,타자,김주원,NC,51907,7,False,2002-07-30,2021,NC,22,2,내야수,양,우,185.0,83.0,1.5,1.6,2023,0.233,127,474,403,56,94,9,2,10,137,54,15,3,44,15,106,6,0.34,0.328,30
94,타자,김성욱,NC,62934,38,False,1993-05-01,2012,NC,31,11,외야수,우,우,181.0,83.0,0.7,0.95,2023,0.223,93,204,179,28,40,10,0,6,68,16,6,1,16,5,63,7,0.38,0.303,0
95,타자,김한별,NC,50902,68,False,2001-01-18,2022,NC,23,1,내야수,우,우,177.0,85.0,0.0,0.38,2023,0.216,79,105,97,8,21,0,1,0,23,4,0,3,4,2,23,6,0.237,0.262,5
96,타자,김수윤,NC,67900,3,False,1998-07-16,2017,NC,26,6,내야수,우,우,180.0,83.0,0.4,0.32,2023,0.214,16,15,14,0,3,0,0,0,3,2,0,0,1,0,4,0,0.214,0.267,1
97,타자,박세혁,NC,62244,10,False,1990-01-09,2012,두산,34,11,포수,좌,우,181.0,86.0,0.6,7.0,2023,0.211,88,283,242,35,51,9,3,6,84,32,1,1,30,4,43,3,0.347,0.307,1
98,타자,조현진,NC,51701,46,False,2002-09-10,2023,NC,21,0,내야수,좌,우,182.0,69.0,0.5,0.31,2023,0.2,10,5,5,0,1,0,0,0,1,0,0,0,0,0,1,1,0.2,0.2,0
99,타자,한석현,NC,64101,33,False,1994-05-17,2020,LG,30,3,외야수,좌,좌,181.0,73.0,0.5,0.39,2023,0.2,27,66,60,5,12,1,0,0,13,2,2,1,4,0,20,2,0.217,0.25,2
100,타자,안중열,NC,64022,1,False,1995-09-01,2014,KT,28,9,포수,우,우,176.0,87.0,1.3,0.71,2023,0.195,77,177,154,15,30,6,0,4,48,17,0,0,16,2,45,6,0.312,0.276,5
101,타자,박주찬,NC,69900,6,False,1996-01-11,2023,NC,28,0,내야수,우,우,178.0,84.0,0.0,0.31,2023,0.143,5,14,14,1,2,0,0,0,2,0,0,0,0,0,2,0,0.143,0.143,1
102,타자,오장한,NC,51991,30,False,2002-05-20,2021,NC,22,2,외야수,좌,우,183.0,95.0,0.8,0.33,2023,0.143,3,8,7,2,1,0,0,0,1,0,0,0,1,0,5,0,0.143,0.25,0
103,타자,박영빈,NC,50906,9,False,1997-07-16,2023,NC,27,0,외야수,좌,우,182.0,88.0,0.0,0.32,2023,0.071,41,17,14,11,1,1,0,0,2,0,4,2,1,0,6,0,0.143,0.133,0
104,타자,김시훈,NC,68928,21,False,1999-02-24,2018,NC,25,5,투수,우,우,188.0,95.0,2.0,1.1,2023,-,1,0,0,0,0,0,0,0,0,0,0,0,0,0,0,0,-,-,0
105,타자,류진욱,NC,65949,41,False,1996-10-10,2015,NC,27,8,투수,우,우,189.0,88.0,1.0,1.65,2023,-,2,0,0,0,0,0,0,0,0,0,0,0,0,0,0,0,-,-,0
106,타자,오태양,NC,51996,50,False,2002-04-25,2021,NC,22,2,내야수,우,우,180.0,78.0,0.6,0.33,2023,0.0,21,3,3,4,0,0,0,0,0,0,3,3,0,0,3,0,0.0,0.0,1
107,타자,양의지,두산,76232,25,False,1987-06-05,2006,두산,37,17,포수,우,우,180.0,95.0,0.3,5.0,2023,0.305,129,510,439,56,134,23,0,17,208,68,8,0,57,11,56,20,0.474,0.396,3
108,타자,홍성호,두산,66233,44,False,1997-07-15,2016,두산,27,7,외야수,좌,우,187.0,98.0,0.7,0.33,2023,0.292,21,51,48,6,14,4,0,0,18,5,0,1,2,1,14,0,0.375,0.333,1
109,타자,정수빈,두산,79231,31,False,1990-10-07,2009,두산,33,14,외야수,좌,좌,175.0,70.0,0.6,6.0,2023,0.287,137,583,498,75,143,14,11,2,185,33,39,8,64,7,63,2,0.371,0.375,0
110,타자,김재호,두산,74206,52,False,1985-03-21,2004,두산,39,19,내야수,우,우,181.0,75.0,2.0,3.0,2023,0.283,91,302,247,32,70,13,0,3,92,29,4,0,30,8,24,11,0.372,0.376,10
111,타자,양석환,두산,64153,53,False,1991-07-15,2014,LG,33,9,내야수,우,우,185.0,90.0,0.9,3.0,2023,0.281,140,582,524,73,147,28,0,21,238,89,4,0,41,6,133,9,0.454,0.333,10
112,타자,허경민,두산,79240,13,False,1990-08-26,2009,두산,33,14,내야수,우,우,176.0,69.0,1.3,6.0,2023,0.268,130,475,429,44,115,23,1,7,161,48,9,3,35,6,26,6,0.375,0.328,5
113,타자,강승호,두산,63123,23,False,1994-02-09,2013,LG,30,10,내야수,우,우,178.0,88.0,2.0,2.55,2023,0.265,127,459,419,51,111,18,6,7,162,59,13,6,27,6,110,12,0.387,0.316,16
114,타자,김인태,두산,63257,33,False,1994-07-03,2013,두산,30,10,외야수,좌,좌,178.0,78.0,2.0,0.9,2023,0.255,47,115,98,8,25,5,0,1,33,14,2,1,15,1,26,1,0.337,0.36,1
115,타자,이유찬,두산,67207,7,False,1998-08-05,2017,두산,26,6,내야수,우,우,175.0,68.0,0.6,0.85,2023,0.243,104,239,210,31,51,7,2,1,65,16,12,5,20,3,51,0,0.31,0.316,16
116,타자,양찬열,두산,50293,57,False,1997-05-25,2020,두산,27,3,외야수,좌,우,179.0,84.0,0.4,0.4,2023,0.239,44,99,88,15,21,2,2,0,27,6,3,2,9,1,23,1,0.307,0.313,0
117,타자,전민재,두산,68205,15,False,1999-06-30,2018,두산,25,5,내야수,우,우,181.0,73.0,0.7,0.34,2023,0.235,19,18,17,3,4,2,0,0,6,1,0,3,0,0,3,2,0.353,0.235,0
118,타자,송승환,두산,69203,8,False,2000-10-28,2019,두산,23,4,외야수,우,우,183.0,93.0,1.0,0.35,2023,0.229,30,76,70,10,16,3,1,0,21,4,0,1,4,0,16,2,0.3,0.27,0
119,타자,박준영,두산,66928,9,False,1997-08-05,2016,NC,27,7,내야수,우,우,180.0,90.0,2.0,0.7,2023,0.228,51,138,127,16,29,8,2,4,53,17,2,1,9,2,53,0,0.417,0.290,4
120,타자,서예일,두산,66203,16,False,1993-06-19,2016,두산,31,7,내야수,양,우,178.0,83.0,0.6,0.34,2023,0.222,5,10,9,2,2,0,0,0,2,1,0,0,0,0,2,0,0.222,0.2,1
121,타자,김재환,두산,78224,32,False,1988-09-22,2008,두산,35,15,외야수,좌,우,183.0,90.0,1.5,15.0,2023,0.22,132,484,405,40,89,15,0,10,134,46,3,1,72,5,100,8,0.331,0.343,1
122,타자,조수행,두산,66209,51,False,1993-08-30,2016,두산,30,7,외야수,좌,우,178.0,73.0,1.4,0.95,2023,0.219,126,249,219,41,48,2,1,1,55,17,26,6,23,2,38,2,0.251,0.298,2
123,타자,박계범,두산,64468,14,False,1996-01-11,2014,삼성,28,9,내야수,우,우,177.0,84.0,1.1,0.85,2023,0.219,78,194,169,18,37,6,0,2,49,15,2,2,15,2,44,4,0.290,0.286,9
124,타자,김태근,두산,69207,8,False,1996-08-10,2019,두산,28,4,외야수,우,우,175.0,74.0,0.6,0.34,2023,0.212,41,55,52,9,11,3,0,0,14,3,0,3,0,1,21,0,0.269,0.226,4
125,타자,박지훈,두산,50204,2,False,2000-09-07,2020,두산,23,3,내야수,우,우,183.0,80.0,0.6,0.36,2023,0.211,22,21,19,2,4,1,0,0,5,2,1,0,2,0,7,0,0.263,0.286,0
126,타자,안승한,두산,64011,20,False,1992-01-25,2014,KT,32,9,포수,우,우,176.0,98.0,1.3,0.55,2023,0.208,22,27,24,1,5,0,0,0,5,1,1,0,2,1,10,0,0.208,0.296,2
127,타자,김대한,두산,69238,37,False,2000-12-06,2019,두산,23,4,외야수,우,우,185.0,83.0,3.5,0.37,2023,0.198,33,89,81,10,16,3,1,1,24,7,1,3,7,1,21,0,0.296,0.27,3
128,타자,장승현,두산,63202,22,False,1994-03-07,2013,두산,30,10,포수,우,우,184.0,86.0,0.7,0.6,2023,0.158,76,158,139,11,22,1,0,3,32,9,1,0,6,8,36,2,0.23,0.235,2
129,타자,김민혁,두산,65269,10,False,1996-05-03,2017,두산,28,6,내야수,우,우,188.0,100.0,1.0,0.38,2023,0.138,21,36,29,2,4,1,0,0,5,3,0,0,4,1,9,3,0.172,0.25,1
130,타자,권민석,두산,68204,34,False,1999-02-20,2018,두산,25,5,내야수,우,우,184.0,74.0,0.3,0.31,2023,0.0,1,2,2,0,0,0,0,0,0,0,0,0,0,0,1,0,0.0,0.0,0
131,타자,김민규,두산,68200,19,False,1999-05-07,2018,두산,25,5,투수,좌,우,183.0,90.0,0.8,0.5,2023,-,1,0,0,0,0,0,0,0,0,0,0,0,0,0,0,0,-,-,0
132,타자,김정우,두산,68830,30,False,1999-05-15,2018,SK,25,5,투수,우,우,183.0,87.0,1.6,0.31,2023,-,1,0,0,0,0,0,0,0,0,0,0,0,0,0,0,0,-,-,0
133,타자,나성범,KIA,62947,47,False,1989-10-03,2012,NC,34,11,외야수,좌,좌,183.0,100.0,3.0,8.0,2023,0.365,58,253,222,51,81,12,1,18,149,57,0,0,26,1,36,1,0.671,0.427,1
134,타자,박정우,KIA,67609,15,False,1998-02-01,2021,KIA,26,2,외야수,좌,좌,175.0,68.0,0.5,0.38,2023,0.333,21,12,9,2,3,0,0,0,3,0,0,0,0,0,1,0,0.333,0.333,0
135,타자,김선빈,KIA,78603,3,False,1989-12-18,2008,KIA,34,15,내야수,우,우,165.0,77.0,0.3,6.0,2023,0.32,119,473,419,41,134,16,0,0,150,48,3,1,38,5,26,10,0.358,0.381,7
136,타자,김도영,KIA,52605,5,False,2003-10-02,2022,KIA,20,1,내야수,우,우,183.0,85.0,4.0,1.0,2023,0.303,84,385,340,72,103,20,5,7,154,47,25,4,38,1,62,14,0.453,0.371,13
137,타자,최형우,KIA,72443,34,False,1983-12-16,2002,삼성,40,21,외야수,좌,우,180.0,106.0,0.5,10.0,2023,0.302,121,508,431,64,130,27,1,17,210,81,0,0,65,8,83,5,0.487,0.4,1
138,타자,이우성,KIA,63260,25,False,1994-07-17,2013,두산,30,10,외야수,우,우,182.0,95.0,1.2,1.3,2023,0.301,126,400,355,39,107,17,0,8,148,58,8,1,31,5,81,10,0.417,0.363,1
139,타자,박찬호,KIA,64646,1,False,1995-06-05,2014,KIA,29,9,내야수,우,우,178.0,72.0,0.8,3.0,2023,0.301,130,507,452,73,136,18,4,3,171,52,30,8,40,2,56,13,0.378,0.356,15
140,타자,고종욱,KIA,61353,57,False,1989-01-11,2011,넥센,35,12,외야수,좌,우,184.0,83.0,0.8,1.5,2023,0.296,114,286,270,35,80,17,0,3,106,39,2,2,14,0,58,3,0.393,0.329,2
141,타자,소크라테스,KIA,52630,30,True,1992-09-06,2022,KIA,31,11,외야수,좌,좌,188.0,93.0,1.25,6.25,2023,0.285,142,608,547,91,156,31,3,20,253,96,15,6,52,1,80,13,0.463,0.344,7
142,타자,이창진,KIA,64560,8,False,1991-03-04,2014,롯데,33,9,외야수,우,우,173.0,85.0,0.5,1.2,2023,0.27,104,284,244,35,66,11,3,4,95,29,9,2,34,2,44,6,0.389,0.362,1
143,타자,김태군,KIA,78122,42,False,1989-12-30,2008,LG,34,15,포수,우,우,182.0,92.0,0.8,7.0,2023,0.257,114,346,311,24,80,10,1,1,95,42,2,1,15,8,30,17,0.305,0.305,4
144,타자,한준수,KIA,68646,55,False,1999-02-13,2018,KIA,25,5,포수,좌,우,184.0,95.0,1.6,0.5,2023,0.256,48,94,86,9,22,4,0,2,32,12,0,0,7,0,26,2,0.372,0.312,0
145,타자,최원준,KIA,66606,16,False,1997-03-23,2016,KIA,27,7,외야수,좌,우,178.0,85.0,1.5,2.2,2023,0.255,67,274,239,37,61,11,2,1,79,23,13,5,31,0,39,5,0.331,0.341,8
146,타자,김규성,KIA,66614,14,False,1997-03-08,2017,KIA,27,6,내야수,좌,우,183.0,73.0,0.4,0.55,2023,0.234,99,177,158,29,37,6,1,2,51,11,6,2,13,1,43,2,0.323,0.297,8
147,타자,변우혁,KIA,69727,29,False,2000-03-18,2019,한화,24,4,내야수,우,우,185.0,95.0,1.8,0.6,2023,0.225,83,226,200,23,45,4,0,7,70,24,0,0,23,3,74,4,0.35,0.314,9
148,타자,황대인,KIA,65610,52,False,1996-02-10,2015,KIA,28,8,내야수,우,우,178.0,100.0,1.6,0.8,2023,0.213,60,199,174,19,37,4,0,5,56,26,0,0,18,4,50,6,0.322,0.296,3
149,타자,김호령,KIA,65653,27,False,1992-04-30,2015,KIA,32,8,외야수,우,우,178.0,85.0,0.3,0.9,2023,0.179,76,107,95,16,17,7,0,0,24,6,1,0,8,1,38,1,0.253,0.25,1
150,타자,오선우,KIA,69636,56,False,1996-12-13,2019,KIA,27,4,내야수,좌,좌,186.0,95.0,0.5,0.33,2023,0.179,33,31,28,2,5,0,0,2,11,5,0,0,3,0,15,0,0.393,0.258,1
151,타자,신범수,KIA,66662,40,False,1998-01-25,2016,KIA,26,7,포수,좌,우,177.0,83.0,0.4,0.5,2023,0.17,36,100,88,7,15,3,0,2,24,10,0,0,7,2,19,3,0.273,0.245,0
152,타자,최정용,KIA,65464,23,False,1996-10-24,2015,삼성,27,8,내야수,좌,우,178.0,75.0,1.1,0.43,2023,0.167,56,41,36,17,6,1,0,0,7,1,4,0,2,0,9,0,0.194,0.211,1
153,타자,김선우,KIA,51604,27,False,2001-01-18,2022,KIA,23,1,포수,우,우,175.0,90.0,0.3,0.31,2023,0.143,5,7,7,0,1,0,0,0,1,0,0,0,0,0,2,0,0.143,0.143,0
154,타자,김석환,KIA,67610,35,False,1999-02-28,2017,KIA,25,6,외야수,좌,좌,187.0,97.0,0.9,0.4,2023,0.13,12,26,23,1,3,1,0,0,4,3,0,0,2,0,9,1,0.174,0.2,0
155,타자,한승택,KIA,63722,26,False,1994-06-21,2013,한화,30,10,포수,우,우,174.0,83.0,0.9,0.65,2023,0.129,49,104,85,6,11,2,0,0,13,3,0,0,11,2,32,1,0.153,0.245,2
156,타자,주효상,KIA,66354,22,False,1997-11-11,2016,넥센,26,7,포수,좌,우,182.0,85.0,2.0,0.44,2023,0.063,19,36,32,2,2,0,0,0,2,1,0,0,2,0,10,1,0.063,0.118,0
157,타자,김기훈,KIA,69620,53,False,2000-01-03,2019,KIA,24,4,투수,좌,좌,184.0,93.0,3.5,0.4,2023,-,1,0,0,0,0,0,0,0,0,0,0,0,0,0,0,0,-,-,0
158,타자,박준표,KIA,63638,31,False,1992-06-26,2013,KIA,32,10,투수,우,우,181.0,93.0,0.4,0.8,2023,-,1,0,0,0,0,0,0,0,0,0,0,0,0,0,0,0,-,-,0
159,타자,윤도현,KIA,52667,11,False,2003-05-07,2022,KIA,21,1,내야수,우,우,181.0,84.0,1.0,0.3,2023,0.0,1,1,1,0,0,0,0,0,0,0,0,0,0,0,1,0,0.0,0.0,1
160,타자,윤중현,KIA,68619,19,False,1995-04-25,2021,KIA,29,2,투수,우,우,180.0,84.0,0.4,0.65,2023,-,1,0,0,0,0,0,0,0,0,0,0,0,0,0,0,0,-,-,0
161,타자,정해영,KIA,50662,62,False,2001-08-23,2020,KIA,22,3,투수,우,우,189.0,98.0,2.0,2.0,2023,-,2,0,0,0,0,0,0,0,0,0,0,0,0,0,0,0,-,-,0
162,타자,홍종표,KIA,50600,6,False,2000-05-02,2020,KIA,24,3,내야수,좌,우,178.0,72.0,1.1,0.35,2023,0.0,40,12,7,10,0,0,0,0,0,0,0,0,3,1,1,0,0.0,0.364,0
163,타자,정보근,롯데,68518,42,False,1999-08-31,2019,롯데,24,4,포수,우,우,175.0,94.0,0.3,0.75,2023,0.333,55,101,81,11,27,6,1,1,38,13,1,0,14,1,13,1,0.469,0.433,1
164,타자,전준우,롯데,78513,8,False,1986-02-25,2008,롯데,38,15,외야수,우,우,184.0,98.0,1.0,13.0,2023,0.312,138,559,493,80,154,21,3,17,232,77,9,2,52,7,65,12,0.471,0.381,2
165,타자,이정훈,롯데,67644,48,False,1994-12-07,2017,KIA,29,6,외야수,좌,우,185.0,90.0,0.3,0.6,2023,0.296,59,171,152,17,45,7,0,1,55,17,1,1,13,3,28,1,0.362,0.357,1
166,타자,안치홍,롯데,79608,3,False,1990-07-02,2009,KIA,34,14,내야수,우,우,178.0,97.0,1.8,5.0,2023,0.292,121,494,425,57,124,20,1,8,170,63,3,3,49,10,53,14,0.4,0.374,4
167,타자,윤동희,롯데,52591,91,False,2003-09-18,2022,롯데,20,1,외야수,우,우,187.0,85.0,0.8,0.9,2023,0.287,107,423,387,45,111,18,1,2,137,41,3,6,28,1,69,10,0.354,0.333,4
168,타자,박승욱,롯데,62802,53,False,1992-12-04,2012,SK,31,11,내야수,좌,우,184.0,83.0,0.8,1.35,2023,0.286,123,338,290,37,83,18,3,0,107,30,15,4,35,1,87,5,0.369,0.364,11
169,타자,정훈,롯데,60523,9,False,1987-07-18,2010,롯데,37,13,내야수,우,우,180.0,85.0,0.0,3.0,2023,0.279,80,233,201,40,56,14,0,6,88,31,2,0,26,0,39,4,0.438,0.358,5
170,타자,손성빈,롯데,51528,00,False,2002-01-14,2021,롯데,22,2,포수,우,우,186.0,92.0,1.5,0.5,2023,0.263,45,80,76,13,20,3,0,1,26,15,0,0,2,0,10,3,0.342,0.282,1
171,타자,유강남,롯데,61102,27,False,1992-07-15,2011,LG,32,12,포수,우,우,182.0,88.0,0.4,10.0,2023,0.261,121,403,352,45,92,13,0,10,135,55,1,1,37,8,64,13,0.384,0.342,4
172,타자,노진혁,롯데,62931,52,False,1989-07-15,2012,NC,35,11,내야수,좌,우,184.0,80.0,0.8,6.0,2023,0.257,113,390,334,43,86,26,1,4,126,51,7,2,45,3,84,3,0.377,0.347,11
173,타자,김민석,롯데,53554,2,False,2004-05-09,2023,롯데,20,0,외야수,좌,우,185.0,83.0,2.5,0.85,2023,0.255,129,454,400,53,102,24,0,3,135,39,16,3,31,6,112,6,0.338,0.314,1
174,타자,고승민,롯데,69517,65,False,2000-08-11,2019,롯데,24,4,내야수,좌,우,189.0,92.0,1.5,0.8,2023,0.224,94,308,255,35,57,14,2,2,81,24,8,3,42,1,64,2,0.318,0.331,2
175,타자,한동희,롯데,68525,10,False,1999-06-01,2018,롯데,25,5,내야수,우,우,182.0,108.0,1.8,1.62,2023,0.223,108,353,319,30,71,11,0,5,97,32,1,3,26,1,58,16,0.304,0.279,12
176,타자,황성빈,롯데,50500,0,False,1997-12-19,2022,롯데,26,1,외야수,좌,우,172.0,76.0,0.7,0.76,2023,0.212,74,191,170,22,36,5,2,0,45,8,9,5,12,1,27,1,0.265,0.268,1
177,타자,김민수,롯데,67504,53,False,1998-03-18,2017,롯데,26,6,내야수,우,우,184.0,97.0,1.1,0.6,2023,0.209,25,51,43,4,9,1,1,0,12,2,0,0,7,0,17,2,0.279,0.32,2
178,타자,이학주,롯데,69453,7,False,1990-11-04,2009,시카고컵스,33,14,내야수,좌,우,187.0,87.0,0.0,0.92,2023,0.209,104,122,110,22,23,2,0,3,34,13,4,1,11,1,31,2,0.309,0.287,9
179,타자,장두성,롯데,68507,13,False,1999-09-16,2021,롯데,24,2,외야수,좌,우,176.0,75.0,0.3,0.4,2023,0.154,25,15,13,7,2,0,0,0,2,1,2,0,1,0,3,1,0.154,0.214,0
180,타자,정대선,롯데,53568,68,False,2004-11-16,2023,롯데,19,0,내야수,우,우,185.0,85.0,0.7,0.32,2023,0.15,19,47,40,5,6,1,0,0,7,6,0,0,2,2,8,0,0.175,0.217,0
181,타자,지시완,롯데,64717,,False,1994-04-10,2014,한화,30,9,포수,우,우,181.0,105.0,0.0,0.58,2023,0.125,6,10,8,0,1,0,0,0,1,0,0,0,0,0,5,0,0.125,0.125,0
182,타자,서동욱,롯데,53569,69,False,2000-03-24,2023,롯데,24,0,포수,우,우,175.0,88.0,0.0,0.33,2023,0.118,13,20,17,2,2,1,0,0,3,0,0,0,3,0,5,1,0.176,0.25,0
183,타자,신윤후,롯데,69508,3,False,1996-01-05,2019,롯데,28,4,내야수,우,우,177.0,77.0,0.3,0.52,2023,0.04,28,27,25,2,1,0,0,0,1,1,1,0,0,2,8,0,0.04,0.111,2
184,타자,김동혁,롯데,52504,50,False,2000-09-15,2023,롯데,23,0,외야수,좌,좌,177.0,77.0,0.0,0.31,2023,0.0,15,9,7,3,0,0,0,0,0,0,1,0,2,0,3,0,0.0,0.222,0
185,타자,김상수,롯데,76430,24,False,1988-01-02,2006,삼성,36,17,투수,우,우,180.0,88.0,1.3,1.6,2023,-,1,0,0,0,0,0,0,0,0,0,0,0,0,0,0,0,-,-,0
186,타자,김원중,롯데,62528,34,False,1993-06-14,2012,롯데,31,11,투수,좌,우,192.0,96.0,1.5,5.0,2023,-,3,0,0,0,0,0,0,0,0,0,0,0,0,0,0,0,-,-,0
187,타자,구자욱,삼성,62404,5,False,1993-02-12,2012,삼성,31,11,외야수,좌,우,189.0,75.0,1.3,20.0,2023,0.336,119,515,453,65,152,37,1,11,224,71,12,4,53,4,81,5,0.494,0.407,0
188,타자,김성윤,삼성,67449,39,False,1999-02-02,2017,삼성,25,6,외야수,좌,좌,163.0,62.0,0.7,1.0,2023,0.314,101,272,245,40,77,4,6,2,99,28,20,4,14,4,35,2,0.404,0.354,2
189,타자,김지찬,삼성,50458,58,False,2001-03-08,2020,삼성,23,3,내야수,좌,우,163.0,64.0,1.1,1.6,2023,0.292,99,355,291,59,85,4,2,1,96,18,13,1,48,9,36,1,0.33,0.408,16
190,타자,강민호,삼성,74540,47,False,1985-08-18,2004,롯데,39,19,포수,우,우,185.0,100.0,0.9,4.0,2023,0.29,125,495,434,60,126,19,0,16,193,77,6,1,49,6,65,17,0.445,0.366,3
191,타자,김현준,삼성,51417,41,False,2002-10-11,2021,삼성,21,2,외야수,좌,좌,178.0,78.0,0.3,1.4,2023,0.275,109,479,433,62,119,10,6,3,150,46,5,5,30,5,84,5,0.346,0.327,5
192,타자,류지혁,삼성,62234,16,False,1994-01-13,2012,두산,30,11,내야수,좌,우,181.0,75.0,0.7,2.0,2023,0.268,132,522,455,63,122,11,1,2,141,45,26,2,46,6,73,12,0.31,0.34,6
193,타자,김동진,삼성,51403,3,False,1996-12-18,2022,삼성,27,1,내야수,좌,우,184.0,84.0,0.6,0.45,2023,0.262,44,137,122,14,32,7,0,0,39,8,3,0,9,1,26,4,0.32,0.313,6
194,타자,김동엽,삼성,66838,38,False,1990-07-24,2009,시카고컵스,34,14,외야수,우,우,186.0,101.0,0.0,0.8,2023,0.255,69,182,165,20,42,7,0,5,64,18,1,1,13,2,29,8,0.388,0.313,1
195,타자,이해승,삼성,69416,16,False,2000-08-01,2022,삼성,24,1,내야수,우,우,180.0,86.0,0.4,0.42,2023,0.25,9,4,4,0,1,1,0,0,2,0,0,0,0,0,1,0,0.5,0.25,0
196,타자,이재현,삼성,52415,7,False,2003-02-04,2022,삼성,21,1,내야수,우,우,180.0,82.0,2.2,1.4,2023,0.249,143,538,458,61,114,19,2,12,173,60,5,4,52,6,89,9,0.378,0.33,20
197,타자,안주형,삼성,66406,14,False,1993-08-14,2017,삼성,31,6,내야수,좌,우,176.0,68.0,0.0,0.52,2023,0.241,53,91,79,12,19,2,0,1,24,10,0,0,10,0,20,3,0.304,0.322,2
198,타자,강한울,삼성,64610,6,False,1991-09-12,2014,KIA,32,9,내야수,좌,우,181.0,66.0,1.4,1.0,2023,0.217,72,240,212,30,46,7,2,0,57,10,1,3,20,0,54,4,0.269,0.282,7
199,타자,류승민,삼성,53404,57,False,2004-10-11,2023,삼성,19,0,외야수,좌,좌,185.0,90.0,0.5,0.35,2023,0.212,24,57,52,5,11,3,0,0,14,5,0,0,2,1,19,0,0.269,0.255,1
200,타자,이성규,삼성,66409,13,False,1993-08-03,2016,삼성,31,7,외야수,우,우,178.0,82.0,0.8,0.6,2023,0.207,109,162,145,23,30,10,1,1,45,18,4,3,8,3,42,4,0.31,0.259,3
201,타자,조민성,삼성,52405,32,False,2003-10-22,2022,삼성,20,1,내야수,우,우,180.0,90.0,0.5,0.34,2023,0.207,15,29,29,1,6,2,0,0,8,5,0,1,0,0,6,1,0.276,0.207,0
202,타자,오재일,삼성,75334,36,False,1986-10-29,2005,현대,37,18,내야수,좌,좌,187.0,95.0,0.8,5.0,2023,0.203,106,364,315,31,64,15,0,11,112,54,1,0,43,3,110,1,0.356,0.302,8
203,타자,공민규,삼성,68407,9,False,1999-09-27,2019,삼성,24,4,내야수,좌,우,183.0,85.0,0.4,0.41,2023,0.194,22,33,31,0,6,1,1,0,9,2,0,0,2,0,13,1,0.29,0.242,0
204,타자,김재성,삼성,65132,2,False,1996-10-30,2015,LG,27,8,포수,좌,우,185.0,85.0,2.0,0.7,2023,0.192,57,125,99,7,19,3,0,1,25,7,0,1,19,5,31,4,0.253,0.35,0
205,타자,김영웅,삼성,52430,30,False,2003-08-24,2022,삼성,20,1,내야수,좌,우,183.0,81.0,1.7,0.38,2023,0.187,55,103,91,11,17,6,0,2,29,12,1,0,8,0,28,2,0.319,0.25,6
206,타자,김재상,삼성,53400,5,False,2004-07-26,2023,삼성,20,0,내야수,좌,우,180.0,81.0,1.0,0.32,2023,0.15,17,22,20,1,3,0,0,1,6,2,0,0,2,0,4,1,0.3,0.227,1
207,타자,윤정빈,삼성,68463,31,False,1999-06-24,2018,삼성,25,5,외야수,좌,우,182.0,93.0,0.7,0.37,2023,0.147,28,43,34,5,5,0,0,1,8,3,1,0,7,2,12,1,0.235,0.326,0
208,타자,김도환,삼성,69442,42,False,2000-04-14,2019,삼성,24,4,포수,우,우,178.0,90.0,1.1,0.5,2023,0.143,9,8,7,0,1,0,0,0,1,0,0,0,1,0,0,0,0.143,0.25,0
209,타자,이병헌,삼성,69428,23,False,1999-10-26,2019,삼성,24,4,포수,우,우,180.0,87.0,0.8,0.4,2023,0.143,23,33,28,3,4,0,0,0,4,2,0,0,3,0,11,0,0.143,0.219,0
210,타자,김태훈,삼성,65040,25,False,1996-03-31,2015,KT,28,8,외야수,좌,우,177.0,78.0,0.6,0.41,2023,0.095,11,22,21,0,2,1,0,0,3,1,0,1,0,0,9,1,0.143,0.095,0
211,타자,이재용,한화,67993,12,False,1999-02-28,2017,NC,25,6,포수,우,우,182.0,86.0,0.6,0.31,2023,0.5,2,2,2,1,1,0,0,0,1,0,0,0,0,0,1,0,0.5,0.5,0
212,타자,최인호,한화,50707,41,False,2000-01-30,2020,한화,24,3,외야수,좌,우,178.0,82.0,0.6,0.48,2023,0.298,41,148,131,23,39,5,3,2,56,11,1,0,10,4,22,2,0.427,0.363,1
213,타자,노시환,한화,69737,8,False,2000-12-03,2019,한화,23,4,내야수,우,우,185.0,105.0,2.0,3.5,2023,0.298,131,595,514,85,153,30,1,31,278,101,2,1,74,4,118,13,0.541,0.388,19
214,타자,문현빈,한화,53764,64,False,2004-04-20,2023,한화,20,0,내야수,좌,우,174.0,82.0,1.5,0.8,2023,0.266,137,481,428,47,114,22,2,5,155,49,5,1,33,6,84,7,0.362,0.324,9
215,타자,채은성,한화,79192,22,False,1990-02-06,2014,LG,34,9,외야수,우,우,186.0,92.0,0.0,10.0,2023,0.263,137,596,521,71,137,17,0,23,223,84,0,0,52,20,102,16,0.428,0.351,5
216,타자,김태연,한화,66704,25,False,1997-06-10,2017,한화,27,6,내야수,우,우,178.0,96.0,0.5,0.78,2023,0.261,91,280,245,25,64,13,0,4,89,25,5,1,27,3,59,3,0.363,0.337,3
217,타자,이도윤,한화,65703,7,False,1996-10-07,2015,한화,27,8,내야수,좌,우,175.0,79.0,0.8,0.75,2023,0.252,106,346,309,36,78,13,2,1,98,13,11,3,18,4,55,6,0.317,0.302,8
218,타자,이진영,한화,66657,45,False,1997-07-21,2016,KIA,27,7,외야수,우,우,183.0,89.0,0.5,0.7,2023,0.249,121,422,358,57,89,22,0,10,141,50,5,0,53,2,127,4,0.394,0.344,5
219,타자,최재훈,한화,78288,13,False,1989-08-27,2008,두산,34,15,포수,우,우,178.0,94.0,0.0,6.0,2023,0.248,125,417,327,23,81,12,0,1,96,33,1,1,56,23,48,9,0.294,0.392,3
220,타자,오선진,한화,78756,6,False,1989-07-07,2008,한화,35,15,내야수,우,우,178.0,80.0,0.6,1.0,2023,0.23,90,199,165,17,38,6,0,0,44,14,2,0,24,5,34,7,0.267,0.342,4
221,타자,김인환,한화,66715,37,False,1994-01-28,2018,한화,30,5,내야수,좌,우,186.0,100.0,0.0,0.69,2023,0.225,112,365,325,34,73,16,0,7,110,42,1,0,35,2,91,4,0.338,0.301,5
222,타자,장진혁,한화,66706,51,False,1993-09-30,2018,한화,30,5,외야수,좌,우,184.0,90.0,0.7,0.58,2023,0.222,68,178,162,24,36,5,1,0,43,12,5,4,15,0,41,3,0.265,0.287,1
223,타자,정은원,한화,68743,43,False,2000-01-17,2018,한화,24,5,내야수,좌,우,177.0,84.0,0.9,1.78,2023,0.222,122,459,388,50,86,12,0,2,104,30,6,3,62,3,73,4,0.268,0.333,8
224,타자,박상언,한화,66707,42,False,1997-03-03,2017,한화,27,6,포수,우,우,185.0,90.0,0.4,0.42,2023,0.2,86,161,145,13,29,5,1,1,39,13,1,2,10,1,38,6,0.269,0.253,1
225,타자,이원석,한화,68700,50,False,1999-03-31,2019,한화,25,4,외야수,우,우,177.0,69.0,0.8,0.36,2023,0.19,81,138,116,20,22,1,1,0,25,8,13,3,21,1,33,3,0.216,0.319,2
226,타자,박정현,한화,50709,56,False,2001-07-27,2020,한화,23,3,내야수,우,우,183.0,83.0,0.4,0.37,2023,0.181,53,113,105,12,19,6,0,2,31,4,0,0,3,2,36,2,0.295,0.218,9
227,타자,이명기,한화,76849,14,False,1987-12-26,2006,SK,36,17,외야수,좌,좌,183.0,87.0,0.3,0.5,2023,0.175,14,42,40,2,7,1,0,0,8,5,1,0,2,0,9,0,0.2,0.214,1
228,타자,김건,한화,69702,56,False,2000-02-23,2020,한화,24,3,내야수,우,우,183.0,79.0,0.7,0.32,2023,0.167,7,12,12,1,2,0,0,0,2,0,0,0,0,0,8,0,0.167,0.167,1
229,타자,권광민,한화,52769,17,False,1997-12-12,2016,시카고컵스,26,7,외야수,좌,좌,189.0,102.0,0.0,0.33,2023,0.151,66,81,73,11,11,1,1,2,20,9,2,0,6,1,24,2,0.274,0.225,3
230,타자,유로결,한화,69766,33,False,2000-05-30,2019,한화,24,4,외야수,우,우,186.0,83.0,1.1,0.33,2023,0.146,27,53,48,5,7,1,0,0,8,5,1,0,1,1,10,3,0.167,0.173,0
231,타자,하주석,한화,62700,16,False,1994-02-25,2012,한화,30,11,내야수,좌,우,185.0,92.0,3.0,0.7,2023,0.114,25,38,35,4,4,1,0,0,5,2,0,0,2,1,10,0,0.143,0.184,2
232,타자,강재민,한화,50705,,False,1997-04-03,2020,한화,27,3,투수,우,우,180.0,89.0,0.8,1.45,2023,-,1,0,0,0,0,0,0,0,0,0,0,0,0,0,0,0,-,-,0
233,타자,김서현,한화,53754,54,False,2004-05-31,2023,한화,20,0,투수,우,우,188.0,86.0,5.0,0.33,2023,-,1,0,0,0,0,0,0,0,0,0,0,0,0,0,0,0,-,-,0
234,타자,박상원,한화,67703,58,False,1994-09-09,2017,한화,29,6,투수,우,우,187.0,98.0,0.8,1.95,2023,-,3,0,0,0,0,0,0,0,0,0,0,0,0,0,0,0,-,-,0
235,타자,박수종,키움,52305,14,False,1999-02-25,2023,키움,25,0,외야수,우,우,178.0,82.0,0.0,0.4,2023,0.422,23,50,45,7,19,1,2,0,24,3,0,0,3,1,6,1,0.533,0.46,0
236,타자,도슨,키움,53327,27,True,1995-05-19,2023,키움,29,8,외야수,좌,우,183.0,100.0,0.0,6.875,2023,0.336,57,261,229,37,77,14,2,3,104,29,9,2,18,9,41,3,0.454,0.398,4
237,타자,김혜성,키움,67304,3,False,1999-01-27,2017,넥센,25,6,내야수,좌,우,179.0,80.0,1.3,6.5,2023,0.335,137,621,556,104,186,29,6,7,248,57,25,3,57,3,77,6,0.446,0.396,17
238,타자,송재선,키움,53303,9,False,2000-06-30,2023,키움,24,0,외야수,우,우,176.0,73.0,0.7,0.31,2023,0.333,5,3,3,0,1,0,0,0,1,0,0,0,0,0,1,0,0.333,0.333,0
239,타자,이주형,키움,50167,2,False,2001-04-02,2020,LG,23,3,외야수,좌,우,181.0,80.0,1.5,0.66,2023,0.326,69,243,215,32,70,13,4,6,109,36,3,1,19,5,53,4,0.507,0.39,0
240,타자,김태진,키움,64984,1,False,1995-10-07,2014,NC,28,9,내야수,좌,우,169.0,73.0,0.8,1.1,2023,0.275,74,212,200,17,55,5,0,0,60,16,0,0,5,1,23,1,0.3,0.292,8
241,타자,송성문,키움,65357,24,False,1996-08-29,2015,넥센,27,8,내야수,좌,우,183.0,88.0,0.8,1.3,2023,0.263,104,438,388,43,102,16,3,5,139,60,1,0,39,0,38,9,0.358,0.325,10
242,타자,임병욱,키움,64346,35,False,1995-09-30,2014,넥센,28,9,외야수,좌,우,187.0,94.0,2.0,0.7,2023,0.26,80,223,208,30,54,11,1,6,85,36,4,0,10,1,75,1,0.409,0.293,3
243,타자,임지열,키움,64340,29,False,1995-08-22,2014,넥센,28,9,내야수,우,우,180.0,94.0,1.1,0.72,2023,0.259,72,246,212,22,55,8,0,5,78,35,1,0,28,3,64,3,0.368,0.352,6
244,타자,김휘집,키움,51344,44,False,2002-01-01,2021,키움,22,2,내야수,우,우,180.0,92.0,1.0,1.1,2023,0.249,110,435,369,46,92,22,0,8,138,51,0,0,48,5,97,8,0.374,0.338,18
245,타자,이지영,키움,79456,59,False,1986-02-27,2009,삼성,38,14,포수,우,우,177.0,88.0,0.0,2.0,2023,0.249,81,237,217,23,54,8,1,0,64,8,1,1,12,1,39,2,0.295,0.291,4
246,타자,이원석,키움,75566,17,False,1986-10-21,2005,롯데,37,18,내야수,우,우,181.0,82.0,1.3,4.0,2023,0.246,89,345,305,22,75,10,0,2,91,30,0,1,34,3,67,9,0.298,0.326,10
247,타자,김동헌,키움,53344,22,False,2004-07-15,2023,키움,20,0,포수,우,우,182.0,91.0,1.5,0.4,2023,0.242,102,242,211,22,51,5,2,2,66,17,0,0,17,8,55,7,0.313,0.318,4
248,타자,예진원,키움,68330,61,False,1999-03-16,2018,넥센,25,5,외야수,좌,좌,172.0,82.0,0.9,0.4,2023,0.235,16,36,34,2,8,1,0,1,12,4,0,0,0,0,7,0,0.353,0.235,0
249,타자,이용규,키움,74163,15,False,1985-08-26,2004,LG,38,19,외야수,좌,좌,170.0,74.0,0.0,2.0,2023,0.234,50,178,154,19,36,0,3,0,42,11,2,1,19,1,22,3,0.273,0.318,0
250,타자,김시앙,키움,51303,26,False,2001-10-31,2022,키움,22,1,포수,우,우,177.0,79.0,0.5,0.36,2023,0.224,33,82,76,6,17,1,0,0,18,7,0,0,3,3,18,4,0.237,0.28,0
251,타자,주성원,키움,69332,25,False,2000-08-30,2019,키움,23,4,외야수,우,우,182.0,95.0,0.8,0.35,2023,0.217,25,72,69,7,15,2,1,0,19,2,0,0,1,0,18,1,0.275,0.225,1
252,타자,김수환,키움,68346,13,False,1998-03-20,2018,넥센,26,5,내야수,우,우,180.0,91.0,0.6,0.47,2023,0.216,50,114,97,8,21,4,0,2,31,15,0,0,11,4,36,1,0.32,0.319,1
253,타자,이형종,키움,78135,36,False,1989-06-07,2008,LG,35,15,외야수,우,우,183.0,87.0,4.3,6.8,2023,0.215,99,374,316,35,68,22,1,3,101,37,0,0,39,14,78,11,0.32,0.326,2
254,타자,박찬혁,키움,52348,45,False,2003-04-25,2022,키움,21,1,외야수,우,우,181.0,87.0,1.3,0.4,2023,0.201,48,167,154,13,31,7,0,1,41,8,0,0,10,3,41,1,0.266,0.263,1
255,타자,김웅빈,키움,65898,10,False,1996-02-09,2016,넥센,28,7,내야수,좌,우,182.0,97.0,0.8,0.5,2023,0.188,29,74,64,2,12,3,0,0,15,9,0,0,6,2,20,1,0.234,0.27,2
256,타자,김건희,키움,53312,12,False,2004-11-07,2023,키움,19,0,내야수,우,우,186.0,96.0,2.2,0.32,2023,0.182,9,13,11,0,2,0,0,0,2,0,0,0,2,0,4,1,0.182,0.308,1
257,타자,김주형,키움,69306,6,False,1996-03-05,2019,키움,28,4,내야수,우,우,173.0,84.0,0.2,0.45,2023,0.147,46,81,68,5,10,2,0,0,12,4,0,0,9,1,27,2,0.176,0.256,2
258,타자,전병우,키움,65586,34,False,1992-10-24,2018,롯데,31,5,내야수,우,우,182.0,93.0,0.9,0.6,2023,0.145,41,75,62,6,9,3,0,1,15,6,0,0,10,1,28,0,0.242,0.274,2
259,타자,김병휘,키움,50304,0,False,2001-02-16,2020,키움,23,3,내야수,우,우,177.0,79.0,0.7,0.33,2023,0.143,10,21,21,0,3,1,0,0,4,1,0,0,0,0,8,0,0.19,0.143,1
